month,orders,type,forecasted_orders
2018-04,7458.0,actual,
2018-05,7316.0,actual,
2018-06,6605.0,actual,
2018-07,6669.0,actual,
2018-08,6889.0,actual,
2018-09,1.0,actual,
2018-10,,forecast,3047.4665546422266
2018-11,,forecast,1194.7124234430344
2018-12,,forecast,2321.4925173997217
2019-01,,forecast,1636.2243759031098
2019-02,,forecast,2052.9804299626444
2019-03,,forecast,1799.5240118429463
